{
  "Total" : {
    "transaction" : "Total",
    "sampleCount" : 240,
    "errorCount" : 1,
    "errorPct" : 0.41666666,
    "meanResTime" : 5303.033333333331,
    "medianResTime" : 2789.5,
    "minResTime" : 455.0,
    "maxResTime" : 55296.0,
    "pct1ResTime" : 10979.700000000003,
    "pct2ResTime" : 15461.899999999992,
    "pct3ResTime" : 38835.01000000003,
    "throughput" : 2.4836750111247947,
    "receivedKBytesPerSec" : 133.2653745304302,
    "sentKBytesPerSec" : 2.32729322758742
  },
  "HTTP Request - Carrer" : {
    "transaction" : "HTTP Request - Carrer",
    "sampleCount" : 120,
    "errorCount" : 0,
    "errorPct" : 0.0,
    "meanResTime" : 1390.2999999999997,
    "medianResTime" : 804.5,
    "minResTime" : 455.0,
    "maxResTime" : 33190.0,
    "pct1ResTime" : 2542.4000000000005,
    "pct2ResTime" : 2960.949999999997,
    "pct3ResTime" : 26913.30999999976,
    "throughput" : 1.517105362967458,
    "receivedKBytesPerSec" : 66.44607895427191,
    "sentKBytesPerSec" : 1.939605872620041
  },
  "HTTP Request - About Us" : {
    "transaction" : "HTTP Request - About Us",
    "sampleCount" : 120,
    "errorCount" : 1,
    "errorPct" : 0.8333333,
    "meanResTime" : 9215.766666666665,
    "medianResTime" : 7960.0,
    "minResTime" : 1794.0,
    "maxResTime" : 55296.0,
    "pct1ResTime" : 14849.1,
    "pct2ResTime" : 22414.099999999988,
    "pct3ResTime" : 52660.4999999999,
    "throughput" : 2.0434923283892172,
    "receivedKBytesPerSec" : 129.79266136139162,
    "sentKBytesPerSec" : 1.217065316187865
  },
  "Career" : {
    "transaction" : "Career",
    "sampleCount" : 120,
    "errorCount" : 0,
    "errorPct" : 0.0,
    "meanResTime" : 1390.2999999999997,
    "medianResTime" : 804.5,
    "minResTime" : 455.0,
    "maxResTime" : 33190.0,
    "pct1ResTime" : 2542.4000000000005,
    "pct2ResTime" : 2960.949999999997,
    "pct3ResTime" : 26913.30999999976,
    "throughput" : 1.5170670037926675,
    "receivedKBytesPerSec" : 66.4443989017067,
    "sentKBytesPerSec" : 1.9395568307522126
  },
  "About Us" : {
    "transaction" : "About Us",
    "sampleCount" : 120,
    "errorCount" : 1,
    "errorPct" : 0.8333333,
    "meanResTime" : 9215.766666666665,
    "medianResTime" : 7960.0,
    "minResTime" : 1794.0,
    "maxResTime" : 55296.0,
    "pct1ResTime" : 14849.1,
    "pct2ResTime" : 22414.099999999988,
    "pct3ResTime" : 52660.4999999999,
    "throughput" : 2.040677504931637,
    "receivedKBytesPerSec" : 129.61387751045848,
    "sentKBytesPerSec" : 1.2153888606642405
  }
}