{
  "Authentication (Post)" : {
    "transaction" : "Authentication (Post)",
    "sampleCount" : 600,
    "errorCount" : 0,
    "errorPct" : 0.0,
    "meanResTime" : 1399.5316666666658,
    "medianResTime" : 1346.5,
    "minResTime" : 1114.0,
    "maxResTime" : 4151.0,
    "pct1ResTime" : 1639.6999999999998,
    "pct2ResTime" : 1865.9499999999985,
    "pct3ResTime" : 3027.8,
    "throughput" : 11.79245283018868,
    "receivedKBytesPerSec" : 3.1208542158018866,
    "sentKBytesPerSec" : 3.3626916273584904
  },
  "Total" : {
    "transaction" : "Total",
    "sampleCount" : 3600,
    "errorCount" : 0,
    "errorPct" : 0.0,
    "meanResTime" : 581.6805555555566,
    "medianResTime" : 371.0,
    "minResTime" : 269.0,
    "maxResTime" : 4230.0,
    "pct1ResTime" : 1308.9,
    "pct2ResTime" : 1465.8999999999996,
    "pct3ResTime" : 2093.899999999998,
    "throughput" : 67.83876985697326,
    "receivedKBytesPerSec" : 271.74876291409913,
    "sentKBytesPerSec" : 21.40940344281757
  },
  "Fetch_Updated booking id info (Get)" : {
    "transaction" : "Fetch_Updated booking id info (Get)",
    "sampleCount" : 600,
    "errorCount" : 0,
    "errorPct" : 0.0,
    "meanResTime" : 351.2516666666667,
    "medianResTime" : 322.0,
    "minResTime" : 270.0,
    "maxResTime" : 1370.0,
    "pct1ResTime" : 432.0,
    "pct2ResTime" : 469.0,
    "pct3ResTime" : 1077.010000000001,
    "throughput" : 12.147224359233915,
    "receivedKBytesPerSec" : 4.934809895938778,
    "sentKBytesPerSec" : 2.6453428047941046
  },
  "All Booking Ids (Get)" : {
    "transaction" : "All Booking Ids (Get)",
    "sampleCount" : 600,
    "errorCount" : 0,
    "errorPct" : 0.0,
    "meanResTime" : 699.1149999999999,
    "medianResTime" : 650.5,
    "minResTime" : 297.0,
    "maxResTime" : 4230.0,
    "pct1ResTime" : 874.8,
    "pct2ResTime" : 1300.9999999999918,
    "pct3ResTime" : 2665.59,
    "throughput" : 12.089218432028371,
    "receivedKBytesPerSec" : 267.44627302618323,
    "sentKBytesPerSec" : 2.5736812677560397
  },
  "Get_Created booking ID info (Get)" : {
    "transaction" : "Get_Created booking ID info (Get)",
    "sampleCount" : 600,
    "errorCount" : 0,
    "errorPct" : 0.0,
    "meanResTime" : 345.22833333333347,
    "medianResTime" : 329.0,
    "minResTime" : 271.0,
    "maxResTime" : 1099.0,
    "pct1ResTime" : 425.0,
    "pct2ResTime" : 462.89999999999986,
    "pct3ResTime" : 518.97,
    "throughput" : 12.12268153715602,
    "receivedKBytesPerSec" : 4.889323705903746,
    "sentKBytesPerSec" : 2.63999803006425
  },
  "Create new booking id (Post)" : {
    "transaction" : "Create new booking id (Post)",
    "sampleCount" : 600,
    "errorCount" : 0,
    "errorPct" : 0.0,
    "meanResTime" : 343.666666666667,
    "medianResTime" : 324.0,
    "minResTime" : 269.0,
    "maxResTime" : 1312.0,
    "pct1ResTime" : 419.79999999999995,
    "pct2ResTime" : 461.0,
    "pct3ResTime" : 527.7400000000002,
    "throughput" : 12.092629542293972,
    "receivedKBytesPerSec" : 5.219670173529234,
    "sentKBytesPerSec" : 5.762893766249471
  },
  "Update  booking id (PUT)" : {
    "transaction" : "Update  booking id (PUT)",
    "sampleCount" : 600,
    "errorCount" : 0,
    "errorPct" : 0.0,
    "meanResTime" : 351.29,
    "medianResTime" : 329.0,
    "minResTime" : 272.0,
    "maxResTime" : 1262.0,
    "pct1ResTime" : 426.9,
    "pct2ResTime" : 469.8499999999998,
    "pct3ResTime" : 1041.1200000000008,
    "throughput" : 12.145257277033318,
    "receivedKBytesPerSec" : 4.934010768794786,
    "sentKBytesPerSec" : 5.87099839075341
  }
}