{
  "Authentication (Post)" : {
    "transaction" : "Authentication (Post)",
    "sampleCount" : 700,
    "errorCount" : 0,
    "errorPct" : 0.0,
    "meanResTime" : 1899.6628571428553,
    "medianResTime" : 1364.0,
    "minResTime" : 1151.0,
    "maxResTime" : 17080.0,
    "pct1ResTime" : 3181.1,
    "pct2ResTime" : 4271.249999999999,
    "pct3ResTime" : 9833.230000000014,
    "throughput" : 6.643761507944041,
    "receivedKBytesPerSec" : 1.7582611022000343,
    "sentKBytesPerSec" : 1.894510117499668
  },
  "Total" : {
    "transaction" : "Total",
    "sampleCount" : 700,
    "errorCount" : 0,
    "errorPct" : 0.0,
    "meanResTime" : 1899.6628571428553,
    "medianResTime" : 1364.0,
    "minResTime" : 1151.0,
    "maxResTime" : 17080.0,
    "pct1ResTime" : 3181.1,
    "pct2ResTime" : 4271.249999999999,
    "pct3ResTime" : 9833.230000000014,
    "throughput" : 6.643761507944041,
    "receivedKBytesPerSec" : 1.7582611022000343,
    "sentKBytesPerSec" : 1.894510117499668
  }
}