{
  "Total" : {
    "transaction" : "Total",
    "sampleCount" : 60,
    "errorCount" : 0,
    "errorPct" : 0.0,
    "meanResTime" : 630.1666666666667,
    "medianResTime" : 607.0,
    "minResTime" : 455.0,
    "maxResTime" : 1469.0,
    "pct1ResTime" : 939.6999999999999,
    "pct2ResTime" : 1078.1999999999996,
    "pct3ResTime" : 1469.0,
    "throughput" : 2.2798951248242583,
    "receivedKBytesPerSec" : 122.92141397433218,
    "sentKBytesPerSec" : 2.1485339799369227
  },
  "HTTP Request - Carrer" : {
    "transaction" : "HTTP Request - Carrer",
    "sampleCount" : 30,
    "errorCount" : 0,
    "errorPct" : 0.0,
    "meanResTime" : 476.4,
    "medianResTime" : 470.0,
    "minResTime" : 455.0,
    "maxResTime" : 568.0,
    "pct1ResTime" : 506.8,
    "pct2ResTime" : 553.6999999999999,
    "pct3ResTime" : 568.0,
    "throughput" : 3.278688524590164,
    "receivedKBytesPerSec" : 143.60175461065575,
    "sentKBytesPerSec" : 4.210425204918033
  },
  "HTTP Request - About Us" : {
    "transaction" : "HTTP Request - About Us",
    "sampleCount" : 30,
    "errorCount" : 0,
    "errorPct" : 0.0,
    "meanResTime" : 783.9333333333335,
    "medianResTime" : 678.0,
    "minResTime" : 646.0,
    "maxResTime" : 1469.0,
    "pct1ResTime" : 1072.4000000000003,
    "pct2ResTime" : 1437.1,
    "pct3ResTime" : 1469.0,
    "throughput" : 2.9466653570376193,
    "receivedKBytesPerSec" : 188.68154374570278,
    "sentKBytesPerSec" : 1.7697257759552107
  },
  "Career" : {
    "transaction" : "Career",
    "sampleCount" : 30,
    "errorCount" : 0,
    "errorPct" : 0.0,
    "meanResTime" : 476.4,
    "medianResTime" : 470.0,
    "minResTime" : 455.0,
    "maxResTime" : 568.0,
    "pct1ResTime" : 506.8,
    "pct2ResTime" : 553.6999999999999,
    "pct3ResTime" : 568.0,
    "throughput" : 3.277255844439589,
    "receivedKBytesPerSec" : 143.53900531871312,
    "sentKBytesPerSec" : 4.208585386169981
  },
  "About Us" : {
    "transaction" : "About Us",
    "sampleCount" : 30,
    "errorCount" : 0,
    "errorPct" : 0.0,
    "meanResTime" : 783.9333333333335,
    "medianResTime" : 678.0,
    "minResTime" : 646.0,
    "maxResTime" : 1469.0,
    "pct1ResTime" : 1072.4000000000003,
    "pct2ResTime" : 1437.1,
    "pct3ResTime" : 1469.0,
    "throughput" : 2.9199922133540976,
    "receivedKBytesPerSec" : 186.97360296622543,
    "sentKBytesPerSec" : 1.753706260949971
  }
}