{
  "Total" : {
    "transaction" : "Total",
    "sampleCount" : 120,
    "errorCount" : 0,
    "errorPct" : 0.0,
    "meanResTime" : 1095.4583333333333,
    "medianResTime" : 979.5,
    "minResTime" : 455.0,
    "maxResTime" : 3230.0,
    "pct1ResTime" : 1802.8000000000002,
    "pct2ResTime" : 2312.6999999999985,
    "pct3ResTime" : 3163.0099999999975,
    "throughput" : 4.252454020340905,
    "receivedKBytesPerSec" : 229.27447763474962,
    "sentKBytesPerSec" : 4.007439579715794
  },
  "HTTP Request - Carrer" : {
    "transaction" : "HTTP Request - Carrer",
    "sampleCount" : 60,
    "errorCount" : 0,
    "errorPct" : 0.0,
    "meanResTime" : 901.5333333333335,
    "medianResTime" : 708.5,
    "minResTime" : 455.0,
    "maxResTime" : 2008.0,
    "pct1ResTime" : 1658.1,
    "pct2ResTime" : 1805.3999999999999,
    "pct3ResTime" : 2008.0,
    "throughput" : 5.752085130859937,
    "receivedKBytesPerSec" : 251.9374902633976,
    "sentKBytesPerSec" : 7.386710885821111
  },
  "HTTP Request - About Us" : {
    "transaction" : "HTTP Request - About Us",
    "sampleCount" : 60,
    "errorCount" : 0,
    "errorPct" : 0.0,
    "meanResTime" : 1289.3833333333334,
    "medianResTime" : 1054.0,
    "minResTime" : 690.0,
    "maxResTime" : 3230.0,
    "pct1ResTime" : 2306.3999999999996,
    "pct2ResTime" : 2616.0499999999997,
    "pct3ResTime" : 3230.0,
    "throughput" : 5.5975370836831795,
    "receivedKBytesPerSec" : 358.4230360516373,
    "sentKBytesPerSec" : 3.3618020570948786
  },
  "Career" : {
    "transaction" : "Career",
    "sampleCount" : 60,
    "errorCount" : 0,
    "errorPct" : 0.0,
    "meanResTime" : 901.5333333333335,
    "medianResTime" : 708.5,
    "minResTime" : 455.0,
    "maxResTime" : 2008.0,
    "pct1ResTime" : 1658.1,
    "pct2ResTime" : 1805.3999999999999,
    "pct3ResTime" : 2008.0,
    "throughput" : 5.752085130859937,
    "receivedKBytesPerSec" : 251.9374902633976,
    "sentKBytesPerSec" : 7.386710885821111
  },
  "About Us" : {
    "transaction" : "About Us",
    "sampleCount" : 60,
    "errorCount" : 0,
    "errorPct" : 0.0,
    "meanResTime" : 1289.4,
    "medianResTime" : 1054.0,
    "minResTime" : 690.0,
    "maxResTime" : 3230.0,
    "pct1ResTime" : 2306.3999999999996,
    "pct2ResTime" : 2616.0499999999997,
    "pct3ResTime" : 3230.0,
    "throughput" : 5.534034311012728,
    "receivedKBytesPerSec" : 354.35680902393466,
    "sentKBytesPerSec" : 3.3236631848367457
  }
}