{
  "Authentication (Post)" : {
    "transaction" : "Authentication (Post)",
    "sampleCount" : 800,
    "errorCount" : 0,
    "errorPct" : 0.0,
    "meanResTime" : 6492.6912500000035,
    "medianResTime" : 4315.0,
    "minResTime" : 1092.0,
    "maxResTime" : 132812.0,
    "pct1ResTime" : 11594.199999999997,
    "pct2ResTime" : 18967.59999999999,
    "pct3ResTime" : 56704.16,
    "throughput" : 4.583056440340062,
    "receivedKBytesPerSec" : 1.2128987259103094,
    "sentKBytesPerSec" : 1.306887188065721
  },
  "Total" : {
    "transaction" : "Total",
    "sampleCount" : 4800,
    "errorCount" : 0,
    "errorPct" : 0.0,
    "meanResTime" : 3877.5406250000074,
    "medianResTime" : 495.0,
    "minResTime" : 270.0,
    "maxResTime" : 132812.0,
    "pct1ResTime" : 10382.800000000001,
    "pct2ResTime" : 18308.79999999999,
    "pct3ResTime" : 43436.44999999999,
    "throughput" : 27.03144094474886,
    "receivedKBytesPerSec" : 212.50909847328674,
    "sentKBytesPerSec" : 8.530918618468105
  },
  "Fetch_Updated booking id info (Get)" : {
    "transaction" : "Fetch_Updated booking id info (Get)",
    "sampleCount" : 800,
    "errorCount" : 0,
    "errorPct" : 0.0,
    "meanResTime" : 657.8112500000002,
    "medianResTime" : 451.0,
    "minResTime" : 271.0,
    "maxResTime" : 7602.0,
    "pct1ResTime" : 1297.8,
    "pct2ResTime" : 1901.0,
    "pct3ResTime" : 3687.4400000000014,
    "throughput" : 4.611243364132597,
    "receivedKBytesPerSec" : 1.8733176166788672,
    "sentKBytesPerSec" : 1.0042063185562198
  },
  "All Booking Ids (Get)" : {
    "transaction" : "All Booking Ids (Get)",
    "sampleCount" : 800,
    "errorCount" : 0,
    "errorPct" : 0.0,
    "meanResTime" : 13757.15375,
    "medianResTime" : 9671.5,
    "minResTime" : 695.0,
    "maxResTime" : 69501.0,
    "pct1ResTime" : 35366.99999999999,
    "pct2ResTime" : 43206.79999999996,
    "pct3ResTime" : 53531.15000000001,
    "throughput" : 4.586025234603853,
    "receivedKBytesPerSec" : 207.55069349300342,
    "sentKBytesPerSec" : 0.9763217784605859
  },
  "Get_Created booking ID info (Get)" : {
    "transaction" : "Get_Created booking ID info (Get)",
    "sampleCount" : 800,
    "errorCount" : 0,
    "errorPct" : 0.0,
    "meanResTime" : 751.6075,
    "medianResTime" : 459.0,
    "minResTime" : 271.0,
    "maxResTime" : 13244.0,
    "pct1ResTime" : 1406.6999999999998,
    "pct2ResTime" : 2123.199999999999,
    "pct3ResTime" : 5846.290000000016,
    "throughput" : 4.6044490488934935,
    "receivedKBytesPerSec" : 1.8570678292900515,
    "sentKBytesPerSec" : 1.0027266971711415
  },
  "Create new booking id (Post)" : {
    "transaction" : "Create new booking id (Post)",
    "sampleCount" : 800,
    "errorCount" : 0,
    "errorPct" : 0.0,
    "meanResTime" : 808.5050000000014,
    "medianResTime" : 452.0,
    "minResTime" : 270.0,
    "maxResTime" : 58458.0,
    "pct1ResTime" : 1388.5999999999997,
    "pct2ResTime" : 1816.3499999999922,
    "pct3ResTime" : 6816.730000000007,
    "throughput" : 4.599128465155853,
    "receivedKBytesPerSec" : 1.9851706851551632,
    "sentKBytesPerSec" : 2.1917721591758363
  },
  "Update  booking id (PUT)" : {
    "transaction" : "Update  booking id (PUT)",
    "sampleCount" : 800,
    "errorCount" : 0,
    "errorPct" : 0.0,
    "meanResTime" : 797.4750000000009,
    "medianResTime" : 455.0,
    "minResTime" : 275.0,
    "maxResTime" : 51469.0,
    "pct1ResTime" : 1314.2999999999997,
    "pct2ResTime" : 1861.199999999999,
    "pct3ResTime" : 3670.6000000000013,
    "throughput" : 4.607923324155886,
    "receivedKBytesPerSec" : 1.8719688504383287,
    "sentKBytesPerSec" : 2.2274629350167614
  }
}