{
  "Total" : {
    "transaction" : "Total",
    "sampleCount" : 358,
    "errorCount" : 0,
    "errorPct" : 0.0,
    "meanResTime" : 3326.7849162011184,
    "medianResTime" : 2536.0,
    "minResTime" : 447.0,
    "maxResTime" : 24370.0,
    "pct1ResTime" : 6850.800000000005,
    "pct2ResTime" : 9010.350000000006,
    "pct3ResTime" : 16460.26000000002,
    "throughput" : 0.2803158015896568,
    "receivedKBytesPerSec" : 15.113086755832017,
    "sentKBytesPerSec" : 0.26416479349025274
  },
  "HTTP Request - Carrer" : {
    "transaction" : "HTTP Request - Carrer",
    "sampleCount" : 179,
    "errorCount" : 0,
    "errorPct" : 0.0,
    "meanResTime" : 1290.932960893855,
    "medianResTime" : 843.0,
    "minResTime" : 447.0,
    "maxResTime" : 5259.0,
    "pct1ResTime" : 2857.0,
    "pct2ResTime" : 3519.0,
    "pct3ResTime" : 4878.199999999994,
    "throughput" : 0.1421639094280881,
    "receivedKBytesPerSec" : 6.226403223308528,
    "sentKBytesPerSec" : 0.1825640047831405
  },
  "HTTP Request - About Us" : {
    "transaction" : "HTTP Request - About Us",
    "sampleCount" : 179,
    "errorCount" : 0,
    "errorPct" : 0.0,
    "meanResTime" : 5362.636871508383,
    "medianResTime" : 4419.0,
    "minResTime" : 1741.0,
    "maxResTime" : 24370.0,
    "pct1ResTime" : 8983.0,
    "pct2ResTime" : 14733.0,
    "pct3ResTime" : 18725.99999999992,
    "throughput" : 0.14203891707625188,
    "receivedKBytesPerSec" : 9.09498597787248,
    "sentKBytesPerSec" : 0.08530657617372549
  },
  "Career" : {
    "transaction" : "Career",
    "sampleCount" : 179,
    "errorCount" : 0,
    "errorPct" : 0.0,
    "meanResTime" : 1290.932960893855,
    "medianResTime" : 843.0,
    "minResTime" : 447.0,
    "maxResTime" : 5259.0,
    "pct1ResTime" : 2857.0,
    "pct2ResTime" : 3519.0,
    "pct3ResTime" : 4878.199999999994,
    "throughput" : 0.1421639094280881,
    "receivedKBytesPerSec" : 6.226403223308528,
    "sentKBytesPerSec" : 0.1825640047831405
  },
  "About Us" : {
    "transaction" : "About Us",
    "sampleCount" : 179,
    "errorCount" : 0,
    "errorPct" : 0.0,
    "meanResTime" : 5362.6424581005585,
    "medianResTime" : 4419.0,
    "minResTime" : 1741.0,
    "maxResTime" : 24370.0,
    "pct1ResTime" : 8983.0,
    "pct2ResTime" : 14733.0,
    "pct3ResTime" : 18725.99999999992,
    "throughput" : 0.142025731253992,
    "receivedKBytesPerSec" : 9.094141667939477,
    "sentKBytesPerSec" : 0.08529865695430183
  }
}