{
  "Authentication (Post)" : {
    "transaction" : "Authentication (Post)",
    "sampleCount" : 1000,
    "errorCount" : 6,
    "errorPct" : 0.6,
    "meanResTime" : 14365.882999999994,
    "medianResTime" : 5645.5,
    "minResTime" : 1116.0,
    "maxResTime" : 329802.0,
    "pct1ResTime" : 27985.499999999996,
    "pct2ResTime" : 63610.299999999996,
    "pct3ResTime" : 137114.14,
    "throughput" : 2.8513017618193586,
    "receivedKBytesPerSec" : 0.7949395898259851,
    "sentKBytesPerSec" : 0.8081881189106888
  },
  "Total" : {
    "transaction" : "Total",
    "sampleCount" : 6000,
    "errorCount" : 81,
    "errorPct" : 1.35,
    "meanResTime" : 8374.581833333314,
    "medianResTime" : 947.0,
    "minResTime" : 0.0,
    "maxResTime" : 345173.0,
    "pct1ResTime" : 19224.900000000012,
    "pct2ResTime" : 50609.44999999998,
    "pct3ResTime" : 106134.6799999993,
    "throughput" : 17.102592753061362,
    "receivedKBytesPerSec" : 130.4914994546767,
    "sentKBytesPerSec" : 5.3257484967533575
  },
  "Fetch_Updated booking id info (Get)" : {
    "transaction" : "Fetch_Updated booking id info (Get)",
    "sampleCount" : 1000,
    "errorCount" : 15,
    "errorPct" : 1.5,
    "meanResTime" : 857.6049999999993,
    "medianResTime" : 391.0,
    "minResTime" : 0.0,
    "maxResTime" : 54455.0,
    "pct1ResTime" : 1321.2999999999997,
    "pct2ResTime" : 2046.8999999999985,
    "pct3ResTime" : 7540.760000000003,
    "throughput" : 2.8897057123702523,
    "receivedKBytesPerSec" : 1.2515078394103845,
    "sentKBytesPerSec" : 0.6197346401304992
  },
  "All Booking Ids (Get)" : {
    "transaction" : "All Booking Ids (Get)",
    "sampleCount" : 1000,
    "errorCount" : 13,
    "errorPct" : 1.3,
    "meanResTime" : 31898.601999999984,
    "medianResTime" : 14809.5,
    "minResTime" : 94.0,
    "maxResTime" : 345173.0,
    "pct1ResTime" : 82483.0,
    "pct2ResTime" : 92802.94999999998,
    "pct3ResTime" : 317430.0600000007,
    "throughput" : 2.870882078518625,
    "receivedKBytesPerSec" : 125.58782431995981,
    "sentKBytesPerSec" : 0.6031123277470753
  },
  "Get_Created booking ID info (Get)" : {
    "transaction" : "Get_Created booking ID info (Get)",
    "sampleCount" : 1000,
    "errorCount" : 15,
    "errorPct" : 1.5,
    "meanResTime" : 1227.7049999999997,
    "medianResTime" : 399.5,
    "minResTime" : 0.0,
    "maxResTime" : 315407.0,
    "pct1ResTime" : 1380.4999999999995,
    "pct2ResTime" : 2129.8499999999985,
    "pct3ResTime" : 7221.700000000003,
    "throughput" : 2.8812880510103236,
    "receivedKBytesPerSec" : 1.243137919875701,
    "sentKBytesPerSec" : 0.6179293641429464
  },
  "Create new booking id (Post)" : {
    "transaction" : "Create new booking id (Post)",
    "sampleCount" : 1000,
    "errorCount" : 14,
    "errorPct" : 1.4,
    "meanResTime" : 971.4370000000002,
    "medianResTime" : 468.5,
    "minResTime" : 0.0,
    "maxResTime" : 32492.0,
    "pct1ResTime" : 1612.6999999999998,
    "pct2ResTime" : 2665.099999999995,
    "pct3ResTime" : 5596.580000000002,
    "throughput" : 2.877383192629295,
    "receivedKBytesPerSec" : 1.318206795012344,
    "sentKBytesPerSec" : 1.3519289392454925
  },
  "Update  booking id (PUT)" : {
    "transaction" : "Update  booking id (PUT)",
    "sampleCount" : 1000,
    "errorCount" : 18,
    "errorPct" : 1.8,
    "meanResTime" : 926.259000000002,
    "medianResTime" : 399.0,
    "minResTime" : 0.0,
    "maxResTime" : 61171.0,
    "pct1ResTime" : 1368.5,
    "pct2ResTime" : 2010.249999999999,
    "pct3ResTime" : 6959.940000000006,
    "throughput" : 2.8856947454384376,
    "receivedKBytesPerSec" : 1.248643498024742,
    "sentKBytesPerSec" : 1.37388941332383
  }
}