{
  "Total" : {
    "transaction" : "Total",
    "sampleCount" : 220,
    "errorCount" : 0,
    "errorPct" : 0.0,
    "meanResTime" : 4150.713636363638,
    "medianResTime" : 2306.5,
    "minResTime" : 459.0,
    "maxResTime" : 23057.0,
    "pct1ResTime" : 11058.7,
    "pct2ResTime" : 13632.249999999993,
    "pct3ResTime" : 14992.23,
    "throughput" : 5.12366668219293,
    "receivedKBytesPerSec" : 276.24173408461036,
    "sentKBytesPerSec" : 4.828455418277517
  },
  "HTTP Request - Carrer" : {
    "transaction" : "HTTP Request - Carrer",
    "sampleCount" : 110,
    "errorCount" : 0,
    "errorPct" : 0.0,
    "meanResTime" : 975.0909090909093,
    "medianResTime" : 799.0,
    "minResTime" : 459.0,
    "maxResTime" : 3679.0,
    "pct1ResTime" : 1741.0000000000005,
    "pct2ResTime" : 1986.0499999999975,
    "pct3ResTime" : 3554.2600000000007,
    "throughput" : 4.311696456569458,
    "receivedKBytesPerSec" : 188.8465247359086,
    "sentKBytesPerSec" : 5.536993008192223
  },
  "HTTP Request - About Us" : {
    "transaction" : "HTTP Request - About Us",
    "sampleCount" : 110,
    "errorCount" : 0,
    "errorPct" : 0.0,
    "meanResTime" : 7326.336363636366,
    "medianResTime" : 6450.0,
    "minResTime" : 1658.0,
    "maxResTime" : 23057.0,
    "pct1ResTime" : 13600.500000000004,
    "pct2ResTime" : 14588.5,
    "pct3ResTime" : 22173.040000000005,
    "throughput" : 4.446600371897485,
    "receivedKBytesPerSec" : 284.72047211021504,
    "sentKBytesPerSec" : 2.6705656530439
  },
  "Career" : {
    "transaction" : "Career",
    "sampleCount" : 110,
    "errorCount" : 0,
    "errorPct" : 0.0,
    "meanResTime" : 975.0909090909093,
    "medianResTime" : 799.0,
    "minResTime" : 459.0,
    "maxResTime" : 3679.0,
    "pct1ResTime" : 1741.0000000000005,
    "pct2ResTime" : 1986.0499999999975,
    "pct3ResTime" : 3554.2600000000007,
    "throughput" : 4.311696456569458,
    "receivedKBytesPerSec" : 188.8465247359086,
    "sentKBytesPerSec" : 5.536993008192223
  },
  "About Us" : {
    "transaction" : "About Us",
    "sampleCount" : 110,
    "errorCount" : 0,
    "errorPct" : 0.0,
    "meanResTime" : 7326.336363636366,
    "medianResTime" : 6450.0,
    "minResTime" : 1658.0,
    "maxResTime" : 23057.0,
    "pct1ResTime" : 13600.500000000004,
    "pct2ResTime" : 14588.5,
    "pct3ResTime" : 22173.040000000005,
    "throughput" : 4.423533196605944,
    "receivedKBytesPerSec" : 283.2434567524229,
    "sentKBytesPerSec" : 2.656711831945952
  }
}