{
  "Authentication (Post)" : {
    "transaction" : "Authentication (Post)",
    "sampleCount" : 800,
    "errorCount" : 0,
    "errorPct" : 0.0,
    "meanResTime" : 1369.40625,
    "medianResTime" : 1188.0,
    "minResTime" : 1090.0,
    "maxResTime" : 22689.0,
    "pct1ResTime" : 1649.6,
    "pct2ResTime" : 2119.7,
    "pct3ResTime" : 3204.8900000000003,
    "throughput" : 13.977705559632385,
    "receivedKBytesPerSec" : 3.699177936191774,
    "sentKBytesPerSec" : 3.9858301009889225
  },
  "Total" : {
    "transaction" : "Total",
    "sampleCount" : 4800,
    "errorCount" : 0,
    "errorPct" : 0.0,
    "meanResTime" : 557.3552083333342,
    "medianResTime" : 303.0,
    "minResTime" : 268.0,
    "maxResTime" : 22689.0,
    "pct1ResTime" : 1191.0,
    "pct2ResTime" : 1284.0,
    "pct3ResTime" : 2488.9299999999985,
    "throughput" : 81.45809998981774,
    "receivedKBytesPerSec" : 265.2926677898975,
    "sentKBytesPerSec" : 25.695231094932627
  },
  "Fetch_Updated booking id info (Get)" : {
    "transaction" : "Fetch_Updated booking id info (Get)",
    "sampleCount" : 800,
    "errorCount" : 0,
    "errorPct" : 0.0,
    "meanResTime" : 315.5437499999998,
    "medianResTime" : 289.0,
    "minResTime" : 268.0,
    "maxResTime" : 960.0,
    "pct1ResTime" : 355.9,
    "pct2ResTime" : 415.94999999999993,
    "pct3ResTime" : 899.94,
    "throughput" : 14.382539596929329,
    "receivedKBytesPerSec" : 5.84290671125254,
    "sentKBytesPerSec" : 3.127780998867375
  },
  "All Booking Ids (Get)" : {
    "transaction" : "All Booking Ids (Get)",
    "sampleCount" : 800,
    "errorCount" : 0,
    "errorPct" : 0.0,
    "meanResTime" : 708.2449999999994,
    "medianResTime" : 560.0,
    "minResTime" : 282.0,
    "maxResTime" : 11524.0,
    "pct1ResTime" : 1454.1999999999996,
    "pct2ResTime" : 2076.499999999998,
    "pct3ResTime" : 5217.890000000001,
    "throughput" : 14.36678399540263,
    "receivedKBytesPerSec" : 253.2718631866874,
    "sentKBytesPerSec" : 3.058553624021263
  },
  "Get_Created booking ID info (Get)" : {
    "transaction" : "Get_Created booking ID info (Get)",
    "sampleCount" : 800,
    "errorCount" : 0,
    "errorPct" : 0.0,
    "meanResTime" : 316.4350000000006,
    "medianResTime" : 289.0,
    "minResTime" : 269.0,
    "maxResTime" : 1100.0,
    "pct1ResTime" : 349.9,
    "pct2ResTime" : 419.7999999999997,
    "pct3ResTime" : 938.98,
    "throughput" : 14.38486711978998,
    "receivedKBytesPerSec" : 5.80170910202467,
    "sentKBytesPerSec" : 3.128287166900421
  },
  "Create new booking id (Post)" : {
    "transaction" : "Create new booking id (Post)",
    "sampleCount" : 800,
    "errorCount" : 0,
    "errorPct" : 0.0,
    "meanResTime" : 314.0649999999998,
    "medianResTime" : 287.0,
    "minResTime" : 268.0,
    "maxResTime" : 1124.0,
    "pct1ResTime" : 345.79999999999995,
    "pct2ResTime" : 414.94999999999993,
    "pct3ResTime" : 989.8500000000001,
    "throughput" : 14.36988072998994,
    "receivedKBytesPerSec" : 6.1982740426066965,
    "sentKBytesPerSec" : 6.848146285385831
  },
  "Update  booking id (PUT)" : {
    "transaction" : "Update  booking id (PUT)",
    "sampleCount" : 800,
    "errorCount" : 0,
    "errorPct" : 0.0,
    "meanResTime" : 320.43624999999963,
    "medianResTime" : 290.0,
    "minResTime" : 269.0,
    "maxResTime" : 2260.0,
    "pct1ResTime" : 356.0,
    "pct2ResTime" : 422.8499999999998,
    "pct3ResTime" : 909.9200000000001,
    "throughput" : 14.384349827387801,
    "receivedKBytesPerSec" : 5.8436421173762945,
    "sentKBytesPerSec" : 6.949017593857882
  }
}